Item Number,Product Name,Product Price,ProductImage
Item #604924,WorkPro® 1000 Series Ergonomic Mesh/Mesh Mid-Back Task Chair,$319.99,https://media.officedepot.com/images/t_large%2Cf_auto/products/604924/1.jpg
Item #870521,OFM Essentials 3-Paddle Ergonomic Mesh High-Back Chair,$249.99,https://media.officedepot.com/images/t_large%2Cf_auto/products/870521/1.jpg
Item #8517865,WorkPro® Momentum Ergonomic Mesh Active High-Back Chair,$429.99,https://media.officedepot.com/images/t_large%2Cf_auto/products/8517865/1.jpg
Item #2864384,WorkPro® Momentum Mesh Active High-Back Chair,$429.99,https://media.officedepot.com/images/t_large%2Cf_auto/products/2864384/1.jpg
Item #510830,WorkPro® Quantum 9000 Series Ergonomic Mesh/Mesh Mid-Back Chair,$549.99,https://media.officedepot.com/images/t_large%2Cf_auto/products/510830/1.jpg
Item #9702132,WorkPro® 12000 Series Ergonomic Mesh/Fabric Mid-Back Chair,$629.99,https://media.officedepot.com/images/t_large%2Cf_auto/products/9702132/1.jpg
Item #6742150,Realspace® Levari Faux Leather Mid-Back Task Chair,$299.99,https://media.officedepot.com/images/t_large%2Cf_auto/products/6742150/1.jpg
Item #7741114,WorkPro® 4000 Series Multifunction Ergonomic Mesh/Fabric High-Back Executive...,$419.99,https://media.officedepot.com/images/t_large%2Cf_auto/products/7741114/1.jpg
Item #1851004,Serta® Executive Office Ergonomic Microfiber Mid-Back Chair,$199.99,https://media.officedepot.com/images/t_large%2Cf_auto/products/1851004/1.jpg
Item #9579648,WorkPro® Sentrix Ergonomic Mesh/Mesh Mid-Back Manager Chair,$329.99,https://media.officedepot.com/images/t_large%2Cf_auto/products/9579648/1.jpg
